id,symbol,name,image,current_price,market_cap,market_cap_rank,fully_diluted_valuation,total_volume,high_24h,low_24h,price_change_24h,price_change_percentage_24h,market_cap_change_24h,market_cap_change_percentage_24h,circulating_supply,total_supply,max_supply,ath,ath_change_percentage,ath_date,atl,atl_change_percentage,atl_date,roi,last_updated
bitcoin,btc,Bitcoin,https://coin-images.coingecko.com/coins/images/1/large/bitcoin.png?1696501400,96754.0,1913453367606,1,2030782195783,49130796649,98926.0,96556.0,-2009.715734321886,-2.03486,-40340924768.621826,-2.06475,19786721.0,21000000.0,21000000.0,99645.0,-2.9619,2024-11-22T19:35:49.770Z,67.81,142497.58477,2013-07-06T00:00:00.000Z,,2024-11-24T14:29:21.057Z
ethereum,eth,Ethereum,https://coin-images.coingecko.com/coins/images/279/large/ethereum.png?1696501628,3302.45,397479648111,2,397479648111,35299109745,3489.86,3294.64,-173.13158484476708,-4.98137,-20635752485.083923,-4.93542,120430905.515584,120430905.515584,,4878.26,-32.47382,2021-11-10T14:24:19.604Z,0.432979,760699.92316,2015-10-20T00:00:00.000Z,"{'times': 44.6191482809026, 'currency': 'btc', 'percentage': 4461.91482809026}",2024-11-24T14:29:25.729Z
tether,usdt,Tether,https://coin-images.coingecko.com/coins/images/325/large/Tether.png?1696501661,1.001,132484135530,3,132484135530,119587078639,1.004,0.997974,-0.000463082986345897,-0.04624,207511830.0,0.15688,132437169724.178,132437169724.178,,1.32,-24.40228,2018-07-24T00:00:00.000Z,0.572521,74.70623,2015-03-02T00:00:00.000Z,,2024-11-24T14:29:20.822Z
solana,sol,Solana,https://coin-images.coingecko.com/coins/images/4128/large/solana.png?1718769756,245.69,116586215129,4,144619536188,8017887057,263.21,244.09,-15.45416902744978,-5.91788,-7367029205.488129,-5.94339,474752350.529126,588907227.683219,,263.21,-6.7032,2024-11-23T15:05:59.896Z,0.500801,48934.21412,2020-05-11T19:35:23.449Z,,2024-11-24T14:29:18.356Z
binancecoin,bnb,BNB,https://coin-images.coingecko.com/coins/images/825/large/bnb-icon2_2x.png?1696501970,645.48,94086342490,5,94086342490,3277935083,684.25,640.53,-28.02661369131772,-4.1613,-4169056468.859207,-4.24308,145887575.79,145887575.79,200000000.0,717.48,-10.18096,2024-06-06T14:10:59.816Z,0.0398177,1618349.85669,2017-10-19T00:00:00.000Z,,2024-11-24T14:29:21.292Z
ripple,xrp,XRP,https://coin-images.coingecko.com/coins/images/44/large/xrp-symbol-white-128.png?1696501442,1.34,76708567505,6,134561631829,13670801809,1.58,1.31,-0.21502921065991298,-13.79024,-12218799249.952621,-13.7402,56998852241.0,99986987365.0,100000000000.0,3.4,-60.42218,2018-01-07T00:00:00.000Z,0.00268621,49971.81512,2014-05-22T00:00:00.000Z,,2024-11-24T14:29:18.054Z
dogecoin,doge,Dogecoin,https://coin-images.coingecko.com/coins/images/5/large/dogecoin.png?1696501409,0.409055,60090517264,7,60095985942,17359476146,0.466205,0.400994,-0.05327041183951414,-11.52227,-8051861504.839264,-11.81623,146911236383.705,146924606383.705,,0.731578,-44.03428,2021-05-08T05:08:23.458Z,8.69e-05,471033.81167,2015-05-06T00:00:00.000Z,,2024-11-24T14:29:28.040Z
usd-coin,usdc,USDC,https://coin-images.coingecko.com/coins/images/6319/large/usdc.png?1696506694,0.999846,38922916675,8,38923050305,5597905830,1.002,0.997262,-0.000180933378405856,-0.01809,23465465.0,0.06032,38961486346.5502,38961620108.4212,,1.17,-14.80876,2019-05-08T00:40:28.300Z,0.877647,13.83202,2023-03-11T08:02:13.981Z,,2024-11-24T14:29:22.927Z
cardano,ada,Cardano,https://coin-images.coingecko.com/coins/images/975/large/cardano.png?1696502090,0.979901,35066295692,9,44098900282,4777174470,1.14,0.973369,-0.1323384148510146,-11.89837,-4741107670.167969,-11.91012,35782826692.8246,45000000000.0,45000000000.0,3.09,-68.28851,2021-09-02T06:00:10.474Z,0.01925275,4984.49769,2020-03-13T02:22:55.044Z,,2024-11-24T14:29:22.039Z
staked-ether,steth,Lido Staked Ether,https://coin-images.coingecko.com/coins/images/13442/large/steth_logo.png?1696513206,3304.39,32336660435,10,32336660435,83854174,3492.1,3301.41,-172.6930475035174,-4.96661,-1547599995.0655403,-4.56731,9788650.56594864,9788650.56594864,,4829.57,-31.68294,2021-11-10T14:40:47.256Z,482.9,583.25666,2020-12-22T04:08:21.854Z,,2024-11-24T14:29:18.836Z
tron,trx,TRON,https://coin-images.coingecko.com/coins/images/1094/large/tron-logo.png?1696502193,0.203242,17543861936,11,17543892222,1902448163,0.222757,0.202966,-0.019455679815838123,-8.73638,-1681939329.689621,-8.74834,86342949828.6332,86343098886.442,,0.231673,-12.37906,2018-01-05T00:00:00.000Z,0.00180434,11150.29983,2017-11-12T00:00:00.000Z,"{'times': 105.9692183936901, 'currency': 'usd', 'percentage': 10596.92183936901}",2024-11-24T14:29:21.313Z
avalanche-2,avax,Avalanche,https://coin-images.coingecko.com/coins/images/12559/large/Avalanche_Circle_RedWhite_Trans.png?1696512369,39.55,16188002847,12,17704633652,1565464850,43.46,39.03,-3.222064244970319,-7.53292,-1307842652.9426155,-7.47516,409188792.931806,447525104.985199,720000000.0,144.96,-72.6547,2021-11-21T14:18:56.538Z,2.8,1315.17944,2020-12-31T13:15:21.540Z,,2024-11-24T14:29:18.514Z
the-open-network,ton,Toncoin,https://coin-images.coingecko.com/coins/images/17980/large/photo_2024-09-10_17.09.00.jpeg?1725963446,5.95,15144950643,14,30421305784,1583676674,6.58,5.89,-0.15311006600050447,-2.50912,-315207202.8705025,-2.03884,2546926850.39431,5115951999.68685,,8.25,-27.98523,2024-06-15T00:36:51.509Z,0.519364,1044.44171,2021-09-21T00:33:11.092Z,,2024-11-24T14:29:19.789Z
stellar,xlm,Stellar,https://coin-images.coingecko.com/coins/images/100/large/Stellar_symbol_black_RGB.png?1696501482,0.497941,15009431117,13,25006299758,12445016964,0.621168,0.453605,0.04044034,8.83941,1302321165.0,9.50106,30012372228.0991,50001786911.163,50001786911.163,0.875563,-41.99661,2018-01-03T00:00:00.000Z,0.00047612,106564.82486,2015-03-05T00:00:00.000Z,,2024-11-24T14:29:18.735Z
shiba-inu,shib,Shiba Inu,https://coin-images.coingecko.com/coins/images/11939/large/shiba.png?1696511800,2.481e-05,14593027239,15,14599271565,2965143746,2.776e-05,2.459e-05,-2.683440240579e-06,-9.76091,-1709640336.1945782,-10.48687,589260304864799.2,589512448128376.4,,8.616e-05,-71.25858,2021-10-28T03:54:55.568Z,5.6366e-11,43932572.29127,2020-11-28T11:26:25.838Z,,2024-11-24T14:29:28.803Z
wrapped-steth,wsteth,Wrapped stETH,https://coin-images.coingecko.com/coins/images/18834/large/wstETH.png?1696518295,3917.39,14256038232,16,14256038232,33323422,4133.19,3923.5,-193.60722802348937,-4.70949,-604098412.976469,-4.06523,3632781.8818288,3632781.8818288,,7256.02,-45.8333,2022-05-13T15:09:54.509Z,558.54,603.68213,2022-05-13T01:36:45.053Z,,2024-11-24T14:29:24.011Z
wrapped-bitcoin,wbtc,Wrapped Bitcoin,https://coin-images.coingecko.com/coins/images/7598/large/wrapped_bitcoin_wbtc.png?1696507857,96684.0,13614956702,17,13614956702,627719979,98682.0,96299.0,-1980.1690264386853,-2.00698,-790687177.9384537,-5.48873,140890.07069486,140890.07069486,140890.07069486,99442.0,-2.91756,2024-11-22T19:32:10.830Z,3139.17,2975.34514,2019-04-02T00:00:00.000Z,,2024-11-24T14:29:24.372Z
polkadot,dot,Polkadot,https://coin-images.coingecko.com/coins/images/12171/large/polkadot.png?1696512008,8.58,12391929754,18,13088058543,4637783367,10.14,8.19,0.363357,4.42448,644183844.0,5.48347,1440991982.39039,1521941118.20521,,54.98,-84.36882,2021-11-04T14:10:09.301Z,2.7,218.6027,2020-08-20T05:48:11.359Z,,2024-11-24T14:29:24.918Z
chainlink,link,Chainlink,https://coin-images.coingecko.com/coins/images/877/large/chainlink-new-logo.png?1696502009,16.53,10362852417,19,16531630999,2024915248,18.23,16.35,-0.9948621140312568,-5.67745,-617474023.5993977,-5.62346,626849971.3083414,1000000000.0,1000000000.0,52.7,-68.70276,2021-05-10T00:13:57.214Z,0.148183,11029.85996,2017-11-29T00:00:00.000Z,,2024-11-24T14:29:22.542Z
bitcoin-cash,bch,Bitcoin Cash,https://coin-images.coingecko.com/coins/images/780/large/bitcoin-cash-circle.png?1696501932,487.76,9656716092,20,10245744286,1162271896,541.26,484.44,-53.5006326335411,-9.88444,-1054593036.3498344,-9.8456,19792709.2716508,21000000.0,21000000.0,3785.82,-87.1411,2017-12-20T00:00:00.000Z,76.93,532.76272,2018-12-16T00:00:00.000Z,,2024-11-24T14:29:19.979Z
weth,weth,WETH,https://coin-images.coingecko.com/coins/images/2518/large/weth.png?1696503332,3303.2,9568268898,21,9568268898,860815299,3496.29,3300.63,-168.8839276618328,-4.86406,-438763410.3610897,-4.38455,2895196.46826348,2895196.46826348,,4799.89,-31.31905,2021-11-09T00:00:00.000Z,82.1,3915.1954,2018-12-15T00:00:00.000Z,,2024-11-24T14:29:24.919Z
sui,sui,Sui,https://coin-images.coingecko.com/coins/images/26375/large/sui-ocean-square.png?1727791290,3.24,9226305265,22,32421340629,2349360565,3.66,3.22,-0.39538564542845434,-10.87665,-1103024650.3492107,-10.67857,2845750695.58389,10000000000.0,10000000000.0,3.92,-17.24259,2024-11-17T18:01:56.146Z,0.364846,789.395,2023-10-19T10:40:30.078Z,,2024-11-24T14:29:19.877Z
pepe,pepe,Pepe,https://coin-images.coingecko.com/coins/images/29850/large/pepe-token.jpeg?1696528776,1.948e-05,8192287857,23,8192287857,4289855652,2.22e-05,1.947e-05,-2.640717324515e-06,-11.94045,-1095913875.649619,-11.79899,420690000000000.0,420690000000000.0,420690000000000.0,2.457e-05,-20.65901,2024-11-14T02:05:35.500Z,5.5142e-08,35245.9704,2023-04-18T02:14:41.591Z,,2024-11-24T14:29:25.251Z
leo-token,leo,LEO Token,https://coin-images.coingecko.com/coins/images/8418/large/leo-token.png?1696508607,8.69,8033714398,24,8559144132,1370970,8.74,8.59,0.058685,0.68014,54491363.0,0.68292,924757506.9,985239504.0,,8.97,-2.91152,2024-11-21T18:16:01.267Z,0.799859,989.03109,2019-12-24T15:14:35.376Z,,2024-11-24T14:29:26.116Z
near,near,NEAR Protocol,https://coin-images.coingecko.com/coins/images/10365/large/near.jpg?1696510367,6.29,7648747145,25,7673355531,1632106583,6.8,6.07,-0.10480888418004142,-1.63901,-138918221.86709976,-1.78382,1217906155.0,1221824536.0,,20.44,-69.39052,2022-01-16T22:09:45.873Z,0.526762,1087.63253,2020-11-04T16:09:15.137Z,,2024-11-24T14:29:28.083Z
litecoin,ltc,Litecoin,https://coin-images.coingecko.com/coins/images/2/large/litecoin.png?1696501400,93.81,7062000730,26,7885103238,1878101003,104.99,92.99,-9.288289769174654,-9.00874,-692678533.7177334,-8.93239,75231489.4834713,84000000.0,84000000.0,410.26,-77.11751,2021-05-10T03:13:07.904Z,1.15,8071.50116,2015-01-14T00:00:00.000Z,,2024-11-24T14:29:26.939Z
aptos,apt,Aptos,https://coin-images.coingecko.com/coins/images/26455/large/aptos_round.png?1696525528,11.85,6318103882,27,13352810829,1123612860,13.34,11.67,-1.0881428040620982,-8.41224,-576955798.0419397,-8.36767,533510653.452754,1127532399.61751,,19.92,-40.5652,2023-01-26T14:25:17.390Z,3.08,284.42967,2022-12-29T21:35:14.796Z,,2024-11-24T14:29:28.869Z
uniswap,uni,Uniswap,https://coin-images.coingecko.com/coins/images/12504/large/uniswap-logo.png?1720676669,10.33,6208630509,28,10340391800,1240200239,11.29,10.34,-0.5082525056293186,-4.68891,-222550492.7463522,-3.46049,600425073.71,1000000000.0,1000000000.0,44.92,-76.99141,2021-05-03T05:25:04.822Z,1.03,903.23276,2020-09-17T01:20:38.214Z,,2024-11-24T14:29:25.143Z
wrapped-eeth,weeth,Wrapped eETH,https://coin-images.coingecko.com/coins/images/33033/large/weETH.png?1701438396,3488.65,6164520508,29,6164520508,9479300,3672.3,3471.89,-166.65385452929195,-4.55923,-249323547.27180767,-3.88727,1768391.10439124,1768391.10439124,,4196.87,-16.93974,2024-03-13T08:29:59.938Z,2231.18,56.2375,2024-01-08T03:35:28.624Z,,2024-11-24T14:29:23.945Z
hedera-hashgraph,hbar,Hedera,https://coin-images.coingecko.com/coins/images/3688/large/hbar.png?1696504364,0.140948,5370970576,30,7030273902,1259192524,0.164386,0.140465,-0.00999432832213762,-6.6213,-395294697.24262524,-6.8553,38198871415.6461,50000000000.0,50000000000.0,0.569229,-75.3204,2021-09-15T10:40:28.318Z,0.00986111,1324.6208,2020-01-02T17:30:24.852Z,,2024-11-24T14:29:25.440Z
usds,usds,USDS,https://coin-images.coingecko.com/coins/images/39926/large/usds.webp?1726666683,1.0,5268566118,31,5268566118,32126158,1.006,0.992165,0.0007656,0.07659,15147096.0,0.28833,5266384284.74195,5264979239.23129,,1.057,-5.42971,2024-10-29T05:40:51.197Z,0.948265,5.44652,2024-10-03T13:19:28.826Z,,2024-11-24T14:29:22.035Z
internet-computer,icp,Internet Computer,https://coin-images.coingecko.com/coins/images/14495/large/Internet_Computer_logo.png?1696514180,10.68,5067674168,32,5612745250,487977986,12.08,10.62,-0.9011312212996607,-7.78231,-440267960.831316,-7.99333,474624785.270311,525674682.449637,,700.65,-98.47403,2021-05-10T16:05:53.653Z,2.87,273.17927,2023-09-22T00:29:57.369Z,,2024-11-24T14:29:26.211Z
crypto-com-chain,cro,Cronos,https://coin-images.coingecko.com/coins/images/7310/large/cro_token_logo.png?1696507599,0.184414,5006267504,33,5534204511,128403413,0.206738,0.183808,-0.01670822052187521,-8.30749,-451291211.40749645,-8.2691,27138141502.386,30000000000.0,,0.965407,-80.94245,2021-11-24T15:53:54.855Z,0.0121196,1418.06166,2019-02-08T00:00:00.000Z,,2024-11-24T14:29:22.883Z
polygon-ecosystem-token,pol,POL (ex-MATIC),https://coin-images.coingecko.com/coins/images/32440/large/polygon.png?1698233684,0.537766,4285882996,34,5537434134,1018562772,0.602785,0.527151,-0.03843754666132493,-6.67083,-307146533.503849,-6.68723,7976535846.5188465,10305820741.1794,,1.29,-58.25012,2024-03-13T18:55:06.692Z,0.286453,87.65907,2024-11-04T21:55:33.611Z,,2024-11-24T14:29:29.335Z
ethereum-classic,etc,Ethereum Classic,https://coin-images.coingecko.com/coins/images/453/large/ethereum-classic-logo.png?1696501717,27.74,4151093033,35,5843463934,765197171,31.04,27.46,-3.170736507249945,-10.25907,-474469918.64765835,-10.25756,149677539.197678,210700000.0,210700000.0,167.09,-83.4334,2021-05-06T18:34:22.133Z,0.615038,4400.59469,2016-07-25T00:00:00.000Z,"{'times': 60.63536791196298, 'currency': 'usd', 'percentage': 6063.536791196298}",2024-11-24T14:29:24.471Z
ethena-usde,usde,Ethena USDe,https://coin-images.coingecko.com/coins/images/33613/large/USDE.png?1716355685,1.002,3849071333,36,3849071333,140176486,1.004,0.99975,0.00032434,0.03239,38348409.0,1.00633,3844231528.59586,3844231528.59586,,1.032,-2.94857,2023-12-20T15:38:34.596Z,0.929486,7.76391,2024-10-04T07:57:15.809Z,,2024-11-24T14:29:24.148Z
render-token,render,Render,https://coin-images.coingecko.com/coins/images/11636/large/rndr.png?1696511529,7.39,3820400132,37,3929325717,507458284,8.17,7.37,-0.6012091892479461,-7.52715,-313703848.6865201,-7.58819,517690753.125492,532450926.405492,,13.53,-45.48184,2024-03-17T16:30:24.636Z,0.03665669,20029.65416,2020-06-16T13:22:25.900Z,,2024-11-24T14:29:27.170Z
fetch-ai,fet,Artificial Superintelligence Alliance,https://coin-images.coingecko.com/coins/images/5681/large/ASI.png?1719827289,1.44,3747420768,38,3904692530,1185263933,1.56,1.37,0.00265023,0.18456,5860182.0,0.15662,2609959126.672,2719493896.672,2719493896.672,3.45,-58.7049,2024-03-28T17:21:18.050Z,0.00816959,17359.79303,2020-03-13T02:24:18.347Z,"{'times': 15.593524252027889, 'currency': 'usd', 'percentage': 1559.352425202789}",2024-11-24T14:29:25.295Z
kaspa,kas,Kaspa,https://coin-images.coingecko.com/coins/images/25751/large/kaspa-icon-exchanges.png?1696524837,0.147716,3724400929,39,3724403150,198212225,0.163087,0.145072,-0.013309767342455037,-8.2656,-333830797.2028923,-8.22602,25218041888.4233,25218056924.9483,28704026601.0,0.207411,-28.85048,2024-08-01T00:40:47.164Z,0.00017105,86174.37114,2022-05-26T14:42:59.316Z,,2024-11-24T14:29:26.933Z
bittensor,tao,Bittensor,https://coin-images.coingecko.com/coins/images/28452/large/ARUsPeNQ_400x400.jpeg?1696527447,496.05,3660798463,40,10415462426,294278056,545.53,489.18,-44.63674557795872,-8.25555,-327816857.16002417,-8.21881,7381023.0,21000000.0,21000000.0,757.6,-34.39982,2024-03-07T18:45:36.466Z,30.83,1512.03602,2023-05-14T08:57:53.732Z,,2024-11-24T14:29:19.725Z
whitebit,wbt,WhiteBIT Coin,https://coin-images.coingecko.com/coins/images/27045/large/wbt_token.png?1696526096,24.4,3515033662,41,8280383999,17414655,24.82,24.36,-0.26543219860037937,-1.07628,-38524513.49415541,-1.08411,144118517.10815412,339500778.0,400000000.0,24.94,-2.18704,2024-11-21T19:16:06.455Z,3.06,696.63279,2023-02-13T19:01:21.899Z,,2024-11-24T14:29:27.350Z
dai,dai,Dai,https://coin-images.coingecko.com/coins/images/9956/large/Badge_Dai.png?1696509996,0.999616,3467869925,42,3467869925,103312435,1.002,0.997052,-0.000444176894625281,-0.04441,11223052.0,0.32468,3470763478.03134,3470763478.03134,,1.22,-17.96731,2020-03-13T03:02:50.373Z,0.88196,13.37494,2023-03-11T07:50:50.514Z,,2024-11-24T14:29:23.599Z
celestia,tia,Celestia,https://coin-images.coingecko.com/coins/images/31967/large/tia.jpg?1696530772,7.85,3380104718,43,8558067191,1987697722,8.38,6.41,1.39,21.42912,631121165.0,22.95835,428577556.417478,1085112986.30107,,20.85,-62.1568,2024-02-10T14:30:02.495Z,2.08,278.72034,2023-10-31T15:14:31.951Z,,2024-11-24T14:29:20.933Z
arbitrum,arb,Arbitrum,https://coin-images.coingecko.com/coins/images/16547/large/arb.jpg?1721358242,0.813712,3331216982,44,8130154858,1665689014,0.904134,0.811321,-0.05863837579698128,-6.72188,-240646270.40305614,-6.73728,4097359817.0,10000000000.0,10000000000.0,2.39,-65.95216,2024-01-12T12:29:59.231Z,0.431578,88.57328,2024-08-05T11:35:54.024Z,,2024-11-24T14:29:18.880Z
bonk,bonk,Bonk,https://coin-images.coingecko.com/coins/images/28600/large/bonk.jpg?1696527587,4.403e-05,3307893235,45,4081654433,1196270606,5.14e-05,4.373e-05,-7.370539171434e-06,-14.34068,-547359503.6374712,-14.19776,75121974693800.98,92694025850619.6,92694025850619.6,5.825e-05,-24.2963,2024-11-20T04:01:06.465Z,8.6142e-08,51091.39778,2022-12-29T22:48:46.755Z,,2024-11-24T14:29:20.607Z
mantra-dao,om,MANTRA,https://coin-images.coingecko.com/coins/images/12151/large/OM_Token.png?1696511991,3.66,3302105375,46,6541910582,170637856,3.84,3.58,-0.1395456964106252,-3.67063,-133287117.22112846,-3.87982,902339596.63,1787654930.58,,4.45,-17.86611,2024-11-18T04:21:01.946Z,0.01726188,21081.70097,2023-10-12T17:25:09.068Z,,2024-11-24T14:29:26.948Z
cosmos,atom,Cosmos Hub,https://coin-images.coingecko.com/coins/images/1481/large/cosmos_hub.png?1696502525,8.35,3265155199,47,3267174903,1488751448,9.45,8.07,0.131,1.59415,54712527.0,1.70421,390688369.813272,390930035.085365,,44.45,-81.22393,2022-01-17T00:34:41.497Z,1.16,619.41102,2020-03-13T02:27:44.591Z,"{'times': 82.48580185901557, 'currency': 'usd', 'percentage': 8248.580185901556}",2024-11-24T14:29:22.799Z
vechain,vet,VeChain,https://coin-images.coingecko.com/coins/images/1167/large/VET_Token_Icon.png?1710013505,0.04014045,3248196075,48,3448739041,379068498,0.04545749,0.03975283,-0.003791926207674011,-8.63128,-309323866.86210823,-8.69493,80985041177.0,85985041177.0,86712634466.0,0.280991,-85.71375,2021-04-19T01:08:21.675Z,0.00191713,1993.91188,2020-03-13T02:29:59.652Z,"{'times': 3.254074439226907, 'currency': 'eth', 'percentage': 325.4074439226907}",2024-11-24T14:29:22.513Z
filecoin,fil,Filecoin,https://coin-images.coingecko.com/coins/images/12817/large/filecoin.png?1696512609,5.35,3220628905,49,10488366876,1797057297,6.07,5.29,0.053576,1.01219,28947539.0,0.90697,601803713.0,1959846451.0,1959846451.0,236.84,-97.73795,2021-04-01T13:29:41.564Z,2.64,102.85954,2022-12-16T22:45:28.552Z,,2024-11-24T14:29:25.367Z
okb,okb,OKB,https://coin-images.coingecko.com/coins/images/4463/large/WeChat_Image_20220118095654.png?1696505053,52.31,3137495291,50,12338602108,43846503,56.28,50.53,0.959933,1.86926,56327517.0,1.82812,60000000.0,235957685.3,300000000.0,73.8,-28.87011,2024-03-14T00:30:12.502Z,0.580608,8941.59684,2019-01-14T00:00:00.000Z,,2024-11-24T14:29:28.236Z
dogwifcoin,wif,dogwifhat,https://coin-images.coingecko.com/coins/images/33566/large/dogwifhat.jpg?1702499428,3.09,3087844154,51,3087844154,1132675732,3.53,3.06,-0.4431400810690702,-12.54268,-442264280.7816577,-12.52835,998926392.0,998926392.0,998926392.0,4.83,-35.84556,2024-03-31T09:34:58.366Z,0.00155464,199029.63734,2023-12-13T07:13:50.873Z,,2024-11-24T14:29:23.785Z
monero,xmr,Monero,https://coin-images.coingecko.com/coins/images/69/large/monero_logo.png?1696501460,159.09,2932207649,52,2932207649,66753873,166.4,158.43,-3.6677665738468193,-2.25355,-68868498.6232481,-2.29479,18446744.0737096,18446744.0737096,,542.33,-70.68302,2018-01-09T00:00:00.000Z,0.216177,73447.94004,2015-01-14T00:00:00.000Z,,2024-11-24T14:29:27.617Z
blockstack,stx,Stacks,https://coin-images.coingecko.com/coins/images/2069/large/Stacks_Logo_png.png?1709979332,1.94,2908861526,53,2908875083,423031708,2.14,1.91,-0.19902751972883514,-9.32526,-297244589.94082403,-9.2712,1502021299.6823,1502028299.6823,1818000000.0,3.86,-50.18771,2024-04-01T12:34:58.342Z,0.04559639,4121.62252,2020-03-13T02:29:26.415Z,"{'times': 15.12713829076555, 'currency': 'usd', 'percentage': 1512.713829076555}",2024-11-24T14:29:20.499Z
mantle,mnt,Mantle,https://coin-images.coingecko.com/coins/images/30980/large/token-logo.png?1696529819,0.80492,2708765718,54,5003701862,142888622,0.893386,0.79886,-0.07475961121388974,-8.4985,-248321829.6525631,-8.39751,3366841707.83684,6219316794.99,6219316794.99,1.54,-47.69156,2024-04-08T09:45:25.482Z,0.307978,161.34271,2023-10-18T02:50:46.942Z,,2024-11-24T14:29:27.201Z
immutable-x,imx,Immutable,https://coin-images.coingecko.com/coins/images/17233/large/immutableX-symbol-BLK-RGB.png?1696516787,1.61,2683194033,55,3212927629,302042924,1.77,1.54,0.0234105,1.47882,40452746.0,1.53071,1670248659.3898141,2000000000.0,2000000000.0,9.52,-83.11709,2021-11-26T01:03:01.536Z,0.378055,325.13479,2022-12-31T07:36:37.649Z,,2024-11-24T14:29:25.883Z
optimism,op,Optimism,https://coin-images.coingecko.com/coins/images/25244/large/Optimism.png?1696524385,2.08,2611097403,56,8935416802,982064989,2.33,2.06,-0.21901076879926373,-9.52282,-274506192.12870216,-9.51296,1255070491.0,4294967296.0,4294967296.0,4.84,-57.0656,2024-03-06T08:35:50.817Z,0.402159,417.17715,2022-06-18T20:54:52.178Z,,2024-11-24T14:29:28.681Z
injective-protocol,inj,Injective,https://coin-images.coingecko.com/coins/images/12882/large/Secondary_Symbol.png?1696512670,26.07,2546031382,57,2605242811,456391235,29.26,25.94,-2.9767746167013414,-10.24916,-294972523.4609356,-10.38269,97727220.33,100000000.0,,52.62,-50.53276,2024-03-14T15:06:22.124Z,0.657401,3859.5312,2020-11-03T16:19:30.576Z,,2024-11-24T14:29:26.209Z
fantom,ftm,Fantom,https://coin-images.coingecko.com/coins/images/4001/large/Fantom_round.png?1696504642,0.902235,2526357736,58,2860995202,1119443029,0.942487,0.851437,0.01292467,1.45334,34106738.0,1.36851,2803634835.52659,3175000000.0,3175000000.0,3.46,-74.08853,2021-10-28T05:19:39.845Z,0.00190227,47010.42677,2020-03-13T02:25:38.280Z,"{'times': 29.07448996741285, 'currency': 'usd', 'percentage': 2907.4489967412846}",2024-11-24T14:29:24.793Z
aave,aave,Aave,https://coin-images.coingecko.com/coins/images/12645/large/aave-token-round.png?1720472354,164.03,2454586755,59,2621217668,626697972,183.19,162.59,-18.13400550907201,-9.95474,-268502028.9475579,-9.8602,14982879.352378963,16000000.0,16000000.0,661.69,-75.26037,2021-05-18T21:19:59.514Z,26.02,529.05416,2020-11-05T09:20:11.928Z,,2024-11-24T14:29:16.235Z
sei-network,sei,Sei,https://coin-images.coingecko.com/coins/images/28205/large/Sei_Logo_-_Transparent.png?1696527207,0.547786,2327865983,60,5477868772,832523073,0.580741,0.509135,0.0088928,1.6502,45837187.0,2.00862,4249583333.0,10000000000.0,,1.14,-52.15345,2024-03-16T02:30:23.904Z,0.095364,471.82694,2023-10-19T08:05:30.655Z,,2024-11-24T14:29:27.891Z
algorand,algo,Algorand,https://coin-images.coingecko.com/coins/images/4380/large/download.png?1696504978,0.271963,2257778568,61,2257778633,682409042,0.321152,0.273554,-0.027872073603046554,-9.29581,-223578899.65068102,-9.01035,8280048875.91166,8280049115.0057,10000000000.0,3.56,-92.31349,2019-06-20T14:51:19.480Z,0.087513,212.78429,2023-09-11T19:42:08.247Z,"{'times': -0.8866821810078368, 'currency': 'usd', 'percentage': -88.66821810078368}",2024-11-24T14:29:16.853Z
floki,floki,FLOKI,https://coin-images.coingecko.com/coins/images/16746/large/PNG_image.png?1696516318,0.00023156,2241745864,62,2314645194,665570097,0.00026276,0.00023131,-3.0524974298151e-05,-11.64704,-296342184.3039985,-11.6758,9685051818129.0,10000000000000.0,10000000000000.0,0.00034495,-32.91124,2024-06-05T07:25:59.137Z,8.428e-08,274488.02296,2021-07-06T01:11:20.438Z,,2024-11-24T14:29:25.576Z
the-graph,grt,The Graph,https://coin-images.coingecko.com/coins/images/13397/large/Graph_Token.png?1696513159,0.232706,2227074637,63,2516166049,303968822,0.262759,0.232002,-0.018287141681545355,-7.28593,-166193336.11104488,-6.9442,9548531509.16547,10788004319.0,10788004319.0,2.84,-91.80896,2021-02-12T07:28:45.775Z,0.052051,347.15535,2022-11-22T10:05:03.503Z,,2024-11-24T14:29:19.638Z
first-digital-usd,fdusd,First Digital USD,https://coin-images.coingecko.com/coins/images/31079/large/FDUSD_icon_black.png?1731097953,0.995277,2211879492,64,2211879492,7124368599,1.004,0.991175,-0.003123415650189698,-0.31284,-7527517.84382391,-0.33917,2222088380.44,2222088380.44,,1.089,-8.56434,2024-05-20T19:42:15.377Z,0.942129,5.64653,2023-08-17T21:55:41.478Z,,2024-11-24T14:29:25.174Z
bitget-token,bgb,Bitget Token,https://coin-images.coingecko.com/coins/images/11610/large/icon_colour.png?1696511504,1.57,2201364481,65,3144804155,68200065,1.62,1.55,0.02799873,1.812,38109627.0,1.76168,1400001000.0,2000000000.0,2000000000.0,1.62,-3.38381,2024-11-24T09:30:34.379Z,0.0142795,10889.77796,2020-06-25T04:17:05.895Z,,2024-11-24T14:29:19.499Z
binance-peg-weth,weth,Binance-Peg WETH,https://coin-images.coingecko.com/coins/images/39580/large/weth.png?1723006716,3301.69,1997520496,66,1997520496,120071073,3513.08,3296.13,-174.92717985308582,-5.03154,-105902117.30393672,-5.03475,604999.999959841,604999.999959841,,3513.08,-5.92019,2024-11-23T14:42:55.844Z,2171.8,52.18226,2024-09-06T21:02:52.910Z,,2024-11-24T14:29:19.734Z
thorchain,rune,THORChain,https://coin-images.coingecko.com/coins/images/6595/large/Rune200x200.png?1696506946,5.38,1824572839,67,2233996575,707084265,5.93,5.33,-0.5187332487709515,-8.78805,-176324556.24985528,-8.81227,339174733.0,415283608.0,500000000.0,20.87,-74.20854,2021-05-19T00:30:09.436Z,0.00851264,63124.23293,2019-09-28T00:00:00.000Z,"{'times': 140.68357216950085, 'currency': 'usd', 'percentage': 14068.357216950084}",2024-11-24T14:29:19.695Z
theta-token,theta,Theta Network,https://coin-images.coingecko.com/coins/images/2538/large/theta-token-logo.png?1696503349,1.76,1766370869,68,1766370869,138343446,2.03,1.77,-0.21005013707746922,-10.63857,-207926833.442055,-10.53169,1000000000.0,1000000000.0,1000000000.0,15.72,-88.78948,2021-04-16T13:15:11.190Z,0.04039979,4262.05661,2020-03-13T02:24:16.483Z,"{'times': 10.762473328735227, 'currency': 'usd', 'percentage': 1076.2473328735227}",2024-11-24T14:29:19.835Z
ethena,ena,Ethena,https://coin-images.coingecko.com/coins/images/36530/large/ethena.png?1711701436,0.617871,1755243846,69,9263518923,626498380,0.681466,0.590328,-0.04962344016729436,-7.43429,-139689111.63468385,-7.37172,2842187500.0,15000000000.0,,1.52,-59.24568,2024-04-11T13:15:15.057Z,0.195078,217.06764,2024-09-06T21:04:48.253Z,,2024-11-24T14:29:24.058Z
rocket-pool-eth,reth,Rocket Pool ETH,https://coin-images.coingecko.com/coins/images/20764/large/reth.png?1696520159,3674.8,1708239962,70,1708239962,48812461,3877.59,3673.64,-149.2501389667018,-3.90293,-71328575.7977364,-4.00819,465151.376862169,465151.376862169,,4814.31,-23.71357,2021-12-01T08:03:50.749Z,887.26,313.93176,2022-06-18T20:55:45.957Z,,2024-11-24T14:29:27.742Z
raydium,ray,Raydium,https://coin-images.coingecko.com/coins/images/13928/large/PSigc4ie_400x400.jpg?1696513668,5.82,1698432152,71,3240069748,188396574,6.23,5.75,-0.24509631496452844,-4.04262,-59826986.756617546,-3.40263,290928874.26326,555000000.0,555000000.0,16.83,-65.30641,2021-09-12T20:20:23.998Z,0.134391,4245.46712,2022-12-29T22:15:53.927Z,,2024-11-24T14:29:26.833Z
worldcoin-wld,wld,Worldcoin,https://coin-images.coingecko.com/coins/images/31069/large/worldcoin.jpeg?1696529903,2.38,1638690733,72,23891278735,1448613375,2.66,2.28,-0.039969396084296165,-1.64856,-13047113.017203093,-0.7899,685894945.482586,10000000000.0,10000000000.0,11.74,-79.65331,2024-03-10T00:10:42.330Z,0.973104,145.48524,2023-09-13T07:36:44.064Z,,2024-11-24T14:29:24.006Z
coinbase-wrapped-btc,cbbtc,Coinbase Wrapped BTC,https://coin-images.coingecko.com/coins/images/40143/large/cbbtc.webp?1726136727,96946.0,1611534566,73,1611534566,397538647,99337.0,96611.0,-2390.086358999426,-2.40605,-20256278.83390069,-1.24135,16622.78518309,16622.78518309,,99693.0,-2.8062,2024-11-22T19:31:15.243Z,57439.0,68.69361,2024-09-12T14:07:41.775Z,,2024-11-24T14:29:24.493Z
mantle-staked-ether,meth,Mantle Staked Ether,https://coin-images.coingecko.com/coins/images/33345/large/symbol_transparent_bg.png?1701697066,3457.13,1578876606,74,1578876606,29539270,3666.99,3439.89,-192.26312593143393,-5.26836,-87233361.20854521,-5.23575,456755.906660262,456755.906660262,,4729.53,-26.90054,2024-03-27T05:26:27.333Z,2142.02,61.40208,2023-12-18T10:41:32.686Z,,2024-11-24T14:29:27.108Z
based-brett,brett,Brett,https://coin-images.coingecko.com/coins/images/35529/large/1000050750.png?1709031995,0.154353,1528424440,75,1528424454,146349413,0.184597,0.152093,-0.02930398701148151,-15.95583,-291060698.22615886,-15.99687,9910070734.09817,9910070824.5596,9999998988.0,0.193396,-20.26064,2024-11-16T02:20:45.363Z,0.00084753,18095.57648,2024-02-29T08:40:24.951Z,,2024-11-24T14:29:19.151Z
maker,mkr,Maker,https://coin-images.coingecko.com/coins/images/1364/large/Mark_Maker.png?1696502423,1708.66,1509588605,76,1561164555,335885279,1789.59,1643.62,-44.29808857184912,-2.52704,-38695193.485624075,-2.49923,884319.907445035,914533.198696331,1005577.0,6292.31,-72.93526,2021-05-03T21:54:29.333Z,168.36,911.53658,2020-03-16T20:52:36.527Z,,2024-11-24T14:29:27.023Z
solv-btc,solvbtc,Solv Protocol SolvBTC,https://coin-images.coingecko.com/coins/images/36800/large/solvBTC.png?1719810684,96533.0,1490820349,77,1491358622,9449445,98800.0,96026.0,-1867.841044603265,-1.89819,-40457158.54620242,-2.64205,15452.5532704747,15458.1325387696,21000000.0,99219.0,-2.74372,2024-11-22T19:21:10.399Z,49058.0,96.69938,2024-08-05T06:28:45.311Z,,2024-11-24T14:29:28.713Z
pyth-network,pyth,Pyth Network,https://coin-images.coingecko.com/coins/images/31924/large/pyth.png?1701245725,0.405699,1471545076,78,4059447250,322986463,0.452522,0.401718,-0.026524385455604593,-6.13672,-93776025.49844122,-5.99085,3624988786.43857,10000000000.0,10000000000.0,1.2,-66.04882,2024-03-16T07:01:15.357Z,0.22352,81.72012,2024-08-05T11:30:50.894Z,,2024-11-24T14:29:26.711Z
renzo-restaked-eth,ezeth,Renzo Restaked ETH,https://coin-images.coingecko.com/coins/images/34753/large/Ezeth_logo_circle.png?1713496404,3391.93,1452079201,79,1452079201,10158827,3571.74,3386.62,-142.6620029552323,-4.03616,-69675908.75858188,-4.57865,428485.942277327,428485.942277327,,4106.74,-17.56738,2024-03-12T00:44:29.429Z,2198.04,54.01428,2024-01-26T08:09:59.848Z,,2024-11-24T14:29:27.072Z
gala,gala,GALA,https://coin-images.coingecko.com/coins/images/12493/large/GALA_token_image_-_200PNG.png?1709725869,0.03622315,1450326530,80,1450331274,1250697614,0.04067654,0.03309986,0.00239837,7.09058,84948231.0,6.22159,39993392445.1887,39993523263.8179,50000000000.0,0.824837,-95.60773,2021-11-26T01:03:48.731Z,0.00013475,26786.2798,2020-12-28T08:46:48.367Z,,2024-11-24T14:29:25.066Z
jupiter-exchange-solana,jup,Jupiter,https://coin-images.coingecko.com/coins/images/34188/large/jup.png?1704266489,1.069,1446146432,81,10712195794,355065489,1.19,1.058,-0.1127700493015471,-9.54463,-148712723.57457256,-9.32451,1350000000.0,10000000000.0,10000000000.0,2.0,-46.44739,2024-01-31T15:02:47.304Z,0.457464,134.12974,2024-02-21T18:31:05.083Z,,2024-11-24T14:29:26.271Z
ondo-finance,ondo,Ondo,https://coin-images.coingecko.com/coins/images/26580/large/ONDO.png?1696525656,0.985437,1416124066,82,9852533333,299437226,1.097,0.96687,-0.11205568483631234,-10.21016,-159326155.81847715,-10.11306,1437319741.0074873,10000000000.0,10000000000.0,1.48,-33.34264,2024-06-03T08:29:55.744Z,0.082171,1099.57012,2024-01-18T12:14:30.524Z,,2024-11-24T14:29:28.193Z
quant-network,qnt,Quant,https://coin-images.coingecko.com/coins/images/3370/large/5ZOu7brX_400x400.jpg?1696504070,96.3,1400994562,83,1407575307,97296347,107.73,94.15,-7.716328944719706,-7.41809,-111774660.49535823,-7.38875,14544176.164091088,14612493.0,14612493.0,427.42,-77.48232,2021-09-11T09:15:00.668Z,0.215773,44504.95967,2018-08-23T00:00:00.000Z,"{'times': 11.53913959115413, 'currency': 'eth', 'percentage': 1153.913959115413}",2024-11-24T14:29:26.674Z
gatechain-token,gt,Gate,https://coin-images.coingecko.com/coins/images/8183/large/gate.png?1696508395,10.97,1379272238,84,3288797958,9742865,11.69,10.8,-0.03087262985145323,-0.28072,-4719063.183124304,-0.34097,125815473.19980882,300000000.0,,12.94,-14.92699,2021-05-12T11:39:16.531Z,0.25754,4175.07181,2020-03-13T02:18:02.481Z,,2024-11-24T14:29:24.911Z
arweave,ar,Arweave,https://coin-images.coingecko.com/coins/images/4343/large/oRt6SiEN_400x400.jpg?1696504946,20.76,1357139756,85,1357139756,417222906,23.52,20.34,-1.3893335377265394,-6.27277,-93980082.3502922,-6.47638,65454185.5381511,65454185.5381511,66000000.0,89.24,-76.78809,2021-11-05T04:14:42.689Z,0.298788,6832.40612,2020-01-31T06:47:36.543Z,"{'times': 27.053112230324714, 'currency': 'usd', 'percentage': 2705.311223032472}",2024-11-24T14:29:17.527Z
kucoin-shares,kcs,KuCoin,https://coin-images.coingecko.com/coins/images/1047/large/sa9z79.png?1696502152,11.25,1355701881,86,1609352508,551482,11.82,11.26,-0.08150169740890156,-0.71917,-3040628.6472628117,-0.22378,120257114.14608,142757114.14608,,28.83,-60.97067,2021-12-01T15:09:35.541Z,0.342863,3181.8095,2019-02-07T00:00:00.000Z,,2024-11-24T14:29:26.038Z
popcat,popcat,Popcat,https://coin-images.coingecko.com/coins/images/33760/large/image.jpg?1702964227,1.38,1350334708,87,1350334708,144600527,1.58,1.36,-0.2003193187184813,-12.67951,-197389108.4692247,-12.75351,979978669.96,979978669.96,979978694.0,2.05,-32.96235,2024-11-17T15:50:59.669Z,0.00379728,36174.48915,2024-01-05T15:34:24.842Z,,2024-11-24T14:29:29.254Z
flow,flow,Flow,https://coin-images.coingecko.com/coins/images/13446/large/5f6294c0c7a8cda55cb1c936_Flow_Wordmark.png?1696513210,0.873726,1349676049,88,1349676049,288977295,0.990637,0.829534,0.03814746,4.56539,59791869.0,4.63544,1546208578.96295,1546208578.96295,,42.4,-97.9483,2021-04-05T13:49:10.098Z,0.391969,121.92105,2023-09-11T19:41:06.528Z,,2024-11-24T14:29:25.137Z
tezos,xtz,Tezos,https://coin-images.coingecko.com/coins/images/976/large/Tezos-logo.png?1696502091,1.31,1329248498,89,1356100839,697583232,1.57,1.12,0.13364,11.39511,139991495.0,11.77134,1014605515.70564,1035101708.08795,,9.12,-85.62857,2021-10-04T00:41:18.025Z,0.350476,273.80841,2018-12-07T00:00:00.000Z,"{'times': 1.7796246660436403, 'currency': 'usd', 'percentage': 177.96246660436404}",2024-11-24T14:29:20.135Z
bitcoin-cash-sv,bsv,Bitcoin SV,https://coin-images.coingecko.com/coins/images/6799/large/BSV.png?1696507128,66.72,1314720009,91,1395225783,72033590,73.98,65.88,-7.15609037441223,-9.68699,-145323000.5615673,-9.95334,19788281.25,21000000.0,21000000.0,489.75,-86.45862,2021-04-16T17:09:04.630Z,21.43,209.3983,2023-06-10T04:32:12.266Z,,2024-11-24T14:29:19.562Z
the-sandbox,sand,The Sandbox,https://coin-images.coingecko.com/coins/images/12129/large/sandbox_logo.jpg?1696511971,0.540627,1311117565,90,1642845174,2872161780,0.649955,0.409355,0.131103,32.01351,332260509.0,33.94372,2394232126.2233224,3000000000.0,3000000000.0,8.4,-93.44898,2021-11-25T06:04:40.957Z,0.02897764,1798.27766,2020-11-04T15:59:14.441Z,,2024-11-24T14:29:20.060Z
msol,msol,Marinade Staked SOL,https://coin-images.coingecko.com/coins/images/17752/large/mSOL.png?1696517278,303.11,1294752841,92,1294752841,8830588,325.39,302.04,-19.90705314936025,-6.16285,-78965730.98282671,-5.74832,4275206.0,4275256.0,4275206.0,325.39,-6.57523,2024-11-23T15:10:43.669Z,8.93,3304.13154,2022-12-29T20:45:33.039Z,,2024-11-24T14:29:27.736Z
matic-network,matic,Polygon,https://coin-images.coingecko.com/coins/images/4713/large/polygon.png?1698233745,0.53734,1251976768,94,5374944958,48401368,0.604425,0.526967,-0.03999285314975487,-6.92718,-93342922.31460714,-6.93835,2329282956.712038,10000000000.0,10000000000.0,2.92,-81.6226,2021-12-27T02:08:34.307Z,0.00314376,16947.52709,2019-05-10T00:00:00.000Z,"{'times': 203.31175120074968, 'currency': 'usd', 'percentage': 20331.17512007497}",2024-11-24T14:29:27.121Z
bittorrent,btt,BitTorrent,https://coin-images.coingecko.com/coins/images/22457/large/btt_logo.png?1696521780,1.3e-06,1251536424,93,1279654665,241718676,1.48e-06,1.27e-06,-9.6488139578e-08,-6.93141,-90778239.35373735,-6.76281,968246428571000.0,990000000000000.0,990000000000000.0,3.43e-06,-62.28461,2022-01-21T04:00:31.909Z,3.65368e-07,254.20285,2023-10-13T05:10:41.241Z,,2024-11-24T14:29:19.971Z
starknet,strk,Starknet,https://coin-images.coingecko.com/coins/images/26433/large/starknet.png?1696525507,0.581471,1222849200,95,5824602845,415871069,0.613458,0.561596,0.00460019,0.79744,12645440.0,1.0449,2099455075.0,10000000000.0,10000000000.0,4.41,-86.81859,2024-02-20T12:05:13.556Z,0.321161,81.1497,2024-08-05T13:30:55.185Z,,2024-11-24T14:29:28.608Z
eos,eos,EOS,https://coin-images.coingecko.com/coins/images/738/large/CG_EOS_Icon.png?1731705232,0.798454,1211991731,96,1677899980,723455397,0.903442,0.751281,0.0102534,1.30086,18840383.0,1.57904,1516885789.1746,2100000000.0,2100000000.0,22.71,-96.47781,2018-04-29T07:50:33.540Z,0.402746,98.62012,2024-11-04T21:55:59.771Z,"{'times': -0.19348035167314698, 'currency': 'usd', 'percentage': -19.3480351673147}",2024-11-24T14:29:24.068Z
jasmycoin,jasmy,JasmyCoin,https://coin-images.coingecko.com/coins/images/13876/large/JASMY200x200.jpg?1696513620,0.02458116,1188894547,97,1227689537,884073676,0.02867065,0.02353252,0.00099408,4.21451,49581715.0,4.3519,48419999999.3058,50000000000.0,50000000000.0,4.79,-99.48913,2021-02-16T03:53:32.207Z,0.00275026,789.77239,2022-12-29T20:41:09.113Z,,2024-11-24T14:29:25.772Z
lido-dao,ldo,Lido DAO,https://coin-images.coingecko.com/coins/images/13573/large/Lido_DAO.png?1696513326,1.32,1178609906,98,1315818791,444704232,1.42,1.29,-0.04409238684373839,-3.24016,-33140212.026159048,-2.7349,895723570.893679,1000000000.0,1000000000.0,7.3,-81.97289,2021-08-20T08:35:20.158Z,0.40615,224.14076,2022-06-18T20:55:12.035Z,,2024-11-24T14:29:26.442Z
beam-2,beam,Beam,https://coin-images.coingecko.com/coins/images/32417/large/chain-logo.png?1698114384,0.02221727,1164768887,99,1355078324,107953976,0.02430971,0.02206445,-0.001602597851499955,-6.72799,-86717405.98037982,-6.92915,52561007898.0,61148853857.0,61148853857.0,0.04416304,-49.82197,2024-03-10T10:40:22.381Z,0.0043383,410.80229,2023-10-29T08:20:14.064Z,,2024-11-24T14:29:18.390Z
flare-networks,flr,Flare,https://coin-images.coingecko.com/coins/images/28624/large/FLR-icon200x200.png?1696527609,0.02190067,1155662575,100,2252222825,31882208,0.02479694,0.02197777,-0.001649794907394933,-7.00536,-86295728.41359448,-6.94836,52731524825.2314,102766280054.393,,0.150073,-85.34708,2023-01-10T03:14:05.921Z,0.00827405,165.77148,2023-10-19T03:35:41.663Z,,2024-11-24T14:29:24.845Z
